Province,Watershed,Nation_Name
AB,Athabasca River Basin,Alexis Nakota Sioux Nation
AB,Athabasca River Basin,Aseniwuche Winewak Nation
AB,Athabasca River Basin,Blood
AB,Athabasca River Basin,Alexander
AB,Athabasca River Basin,Tsuu T'ina Nation
AB,Athabasca River Basin,Horse Lake First Nation
AB,Athabasca River Basin,"Sawridge First Nation, Sturgeon Lake Cree Nation, Whitefish Lake"
AB,Athabasca River Basin,Sunchild First Nation
AB,Athabasca River Basin,Tsuu T'ina Nation
AB,Athabasca River Basin,Driftpile First Nation
AB,Athabasca River Basin,Poundmaker
AB,Athabasca River Basin,"Bearspaw, Chiniki, Stoney"
AB,Athabasca River Basin,Moosomin
AB,Athabasca River Basin,Swan River First Nation
AB,Athabasca River Basin,"Osoyoos, Upper Nicola, Okanagan Nation"
AB,Athabasca River Basin,Northern Secwepemc
AB,Athabasca River Basin,Kelly Lake Métis Settlement Society
AB,Athabasca River Basin,"Big Grassy, Biinjitiwaabik Zaaging Anishinaabek, Bingwi Neeyashi Anishinaabek, Brunswick House, Chapleau Ojibway, Eagle Lake, Grassy Narrows First Nation, M'Chigeeng First Nation, Magnetawan, Ochiichagwe'babigo'ining First Nation, Poplar Hill, Seine River First Nation, Serpent River, Whitesand"
AB,Athabasca River Basin,"Big Island Lake Cree Nation, Cumberland House Cree Nation, Marcel Colomb First Nation, Mathias Colomb, Peter Ballantyne Cree Nation, Waterhen Lake"
AB,Athabasca River Basin,Thunderchild First Nation
AB,Athabasca River Basin,Paul
AB,Athabasca River Basin,Metis Nation of Alberta
AB,Athabasca River Basin,Numbered Treaty
AB,Athabasca River Basin,Numbered Treaty
AB,Athabasca River Basin,Secwepemc Nation
AB,Athabasca River Basin,Stoney Indian Band
AB,Athabasca River Basin,Ktunaxa Nation and Ktunaxa/Kinbasket Tribal Council Society(Trad.Territory)
AB,Battle River Basin,Alexis Nakota Sioux Nation
AB,Battle River Basin,Blood
AB,Battle River Basin,Alexander
AB,Battle River Basin,Tsuu T'ina Nation
AB,Battle River Basin,"Sawridge First Nation, Sturgeon Lake Cree Nation, Whitefish Lake"
AB,Battle River Basin,Sunchild First Nation
AB,Battle River Basin,Tsuu T'ina Nation
AB,Battle River Basin,"Blood, Piikani Nation, Siksika Nation"
AB,Battle River Basin,"Birdtail Sioux, Canupawakpa Dakota First Nation, Dakota Plains Traditional Lands, Dakota Tipi, Sioux Valley Dakota Nation, Standing Buffalo, Wahpeton Dakota Nation, Whitecap Dakota First Nation, Wood Mountain"
AB,Battle River Basin,"Bearspaw, Chiniki, Stoney"
AB,Battle River Basin,Moosomin
AB,Battle River Basin,"Big Grassy, Biinjitiwaabik Zaaging Anishinaabek, Bingwi Neeyashi Anishinaabek, Brunswick House, Chapleau Ojibway, Eagle Lake, Grassy Narrows First Nation, M'Chigeeng First Nation, Magnetawan, Ochiichagwe'babigo'ining First Nation, Poplar Hill, Seine River First Nation, Serpent River, Whitesand"
AB,Battle River Basin,"Big Island Lake Cree Nation, Cumberland House Cree Nation, Marcel Colomb First Nation, Mathias Colomb, Peter Ballantyne Cree Nation, Waterhen Lake"
AB,Battle River Basin,Thunderchild First Nation
AB,Battle River Basin,Paul
AB,Battle River Basin,Metis Nation of Alberta
AB,Battle River Basin,Numbered Treaty
AB,Battle River Basin,Numbered Treaty
AB,North Saskatchewan River Basin,Alexis Nakota Sioux Nation
AB,North Saskatchewan River Basin,Aseniwuche Winewak Nation
AB,North Saskatchewan River Basin,Blood
AB,North Saskatchewan River Basin,Alexander
AB,North Saskatchewan River Basin,Tsuu T'ina Nation
AB,North Saskatchewan River Basin,"Sawridge First Nation, Sturgeon Lake Cree Nation, Whitefish Lake"
AB,North Saskatchewan River Basin,Sunchild First Nation
AB,North Saskatchewan River Basin,Tsuu T'ina Nation
AB,North Saskatchewan River Basin,Driftpile First Nation
AB,North Saskatchewan River Basin,Poundmaker
AB,North Saskatchewan River Basin,"Blood, Piikani Nation, Siksika Nation"
AB,North Saskatchewan River Basin,"Birdtail Sioux, Canupawakpa Dakota First Nation, Dakota Plains Traditional Lands, Dakota Tipi, Sioux Valley Dakota Nation, Standing Buffalo, Wahpeton Dakota Nation, Whitecap Dakota First Nation, Wood Mountain"
AB,North Saskatchewan River Basin,"Bearspaw, Chiniki, Stoney"
AB,North Saskatchewan River Basin,Moosomin
AB,North Saskatchewan River Basin,Swan River First Nation
AB,North Saskatchewan River Basin,"Osoyoos, Upper Nicola, Okanagan Nation"
AB,North Saskatchewan River Basin,Northern Secwepemc
AB,North Saskatchewan River Basin,Kelly Lake Métis Settlement Society
AB,North Saskatchewan River Basin,"Big Grassy, Biinjitiwaabik Zaaging Anishinaabek, Bingwi Neeyashi Anishinaabek, Brunswick House, Chapleau Ojibway, Eagle Lake, Grassy Narrows First Nation, M'Chigeeng First Nation, Magnetawan, Ochiichagwe'babigo'ining First Nation, Poplar Hill, Seine River First Nation, Serpent River, Whitesand"
AB,North Saskatchewan River Basin,"Big Island Lake Cree Nation, Cumberland House Cree Nation, Marcel Colomb First Nation, Mathias Colomb, Peter Ballantyne Cree Nation, Waterhen Lake"
AB,North Saskatchewan River Basin,Thunderchild First Nation
AB,North Saskatchewan River Basin,Paul
AB,North Saskatchewan River Basin,Metis Nation of Alberta
AB,North Saskatchewan River Basin,Numbered Treaty
AB,North Saskatchewan River Basin,Numbered Treaty
AB,North Saskatchewan River Basin,Numbered Treaty
AB,North Saskatchewan River Basin,Secwepemc Nation
AB,North Saskatchewan River Basin,Stoney Indian Band
AB,North Saskatchewan River Basin,Ktunaxa Nation and Ktunaxa/Kinbasket Tribal Council Society(Trad.Territory)
AB,Peace River Basin,Alexis Nakota Sioux Nation
AB,Peace River Basin,Aseniwuche Winewak Nation
AB,Peace River Basin,Alexander
AB,Peace River Basin,Tsuu T'ina Nation
AB,Peace River Basin,Horse Lake First Nation
AB,Peace River Basin,"Sawridge First Nation, Sturgeon Lake Cree Nation, Whitefish Lake"
AB,Peace River Basin,Tsuu T'ina Nation
AB,Peace River Basin,Driftpile First Nation
AB,Peace River Basin,"Bearspaw, Chiniki, Stoney"
AB,Peace River Basin,Moosomin
AB,Peace River Basin,Swan River First Nation
AB,Peace River Basin,Lhoosk'uz Dene Nation
AB,Peace River Basin,Lhtako Dene Nation
AB,Peace River Basin,Northern Secwepemc
AB,Peace River Basin,Kelly Lake Métis Settlement Society
AB,Peace River Basin,"Big Grassy, Biinjitiwaabik Zaaging Anishinaabek, Bingwi Neeyashi Anishinaabek, Brunswick House, Chapleau Ojibway, Eagle Lake, Grassy Narrows First Nation, M'Chigeeng First Nation, Magnetawan, Ochiichagwe'babigo'ining First Nation, Poplar Hill, Seine River First Nation, Serpent River, Whitesand"
AB,Peace River Basin,Thunderchild First Nation
AB,Peace River Basin,Paul
AB,Peace River Basin,Metis Nation of Alberta
AB,Peace River Basin,Numbered Treaty
AB,Peace River Basin,Secwepemc Nation
AB,Peace River Basin,Stoney Indian Band
AB,Peace River Basin,
AB,Peace River Basin,
AB,Peace River Basin,
AB,Peace River Basin,
AB,Peace River Basin,
AB,Peace River Basin,
AB,Peace River Basin,
AB,Peace River Basin,
BC,Canoe River,Aseniwuche Winewak Nation
BC,Canoe River,"Bearspaw, Chiniki, Stoney"
BC,Canoe River,Lhoosk'uz Dene Nation
BC,Canoe River,Northern Secwepemc
BC,Canoe River,Secwepemc Nation
BC,Canoe River,Stoney Indian Band
BC,Canoe River,Northern Secwepemc te Qelmucw Nation
BC,Columbia River,Alexis Nakota Sioux Nation
BC,Columbia River,Aseniwuche Winewak Nation
BC,Columbia River,Blood
BC,Columbia River,Tsuu T'ina Nation
BC,Columbia River,Tsuu T'ina Nation
BC,Columbia River,Driftpile First Nation
BC,Columbia River,"Bearspaw, Chiniki, Stoney"
BC,Columbia River,Moosomin
BC,Columbia River,"Osoyoos, Upper Nicola, Okanagan Nation"
BC,Columbia River,Lower Similkameen
BC,Columbia River,Northern Secwepemc
BC,Columbia River,"Big Island Lake Cree Nation, Cumberland House Cree Nation, Marcel Colomb First Nation, Mathias Colomb, Peter Ballantyne Cree Nation, Waterhen Lake"
BC,Columbia River,Numbered Treaty
BC,Columbia River,Numbered Treaty
BC,Columbia River,Secwepemc Nation
BC,Columbia River,Stoney Indian Band
BC,Columbia River,Ktunaxa Nation and Ktunaxa/Kinbasket Tribal Council Society(Trad.Territory)
BC,Fraser River,Alexis Nakota Sioux Nation
BC,Fraser River,Aseniwuche Winewak Nation
BC,Fraser River,Tsuu T'ina Nation
BC,Fraser River,Horse Lake First Nation
BC,Fraser River,Tsuu T'ina Nation
BC,Fraser River,Driftpile First Nation
BC,Fraser River,"Bearspaw, Chiniki, Stoney"
BC,Fraser River,Swan River First Nation
BC,Fraser River,New Westminster
BC,Fraser River,Lhoosk'uz Dene Nation
BC,Fraser River,Peters
BC,Fraser River,Kwikwetlem First Nation
BC,Fraser River,Lhtako Dene Nation
BC,Fraser River,"Osoyoos, Upper Nicola, Okanagan Nation"
BC,Fraser River,Lower Similkameen
BC,Fraser River,Matsqui
BC,Fraser River,Sumas First Nation
BC,Fraser River,Union Bar
BC,Fraser River,"Matsqui, Peters, Scowlitz, Sumas First Nation, Union Bar"
BC,Fraser River,Northern Secwepemc
BC,Fraser River,Paul
BC,Fraser River,Metis Nation of Alberta
BC,Fraser River,Numbered Treaty
BC,Fraser River,Squamish Indian People
BC,Fraser River,Katzie First Nation
BC,Fraser River,"Hul'qumi'num Nation (Core), Cowichan Tribes and Cowichan Indian Band (Core)"
BC,Fraser River,"Hul'qumi'num Nation (Fishing), Cowichan Tribes and Cowichan Indian Band (Fishing)"
BC,Fraser River,Musqueam Indian Band
BC,Fraser River,Nlaka'pamux Nation
BC,Fraser River,Pilalt Nation
BC,Fraser River,Secwepemc Nation
BC,Fraser River,Skwah First Nation and Skwah Nation
BC,Fraser River,Stó:lo Nation and 18 Stó:lo Bands
BC,Fraser River,Stoney Indian Band
BC,Fraser River,Ktunaxa Nation and Ktunaxa/Kinbasket Tribal Council Society(Trad.Territory)
BC,Fraser River,Northern Secwepemc te Qelmucw Nation
BC,Fraser River,Tsleil-Waututh Nation
BC,Fraser River,Squamish Nation and Squamish Indian Band
BC,Fraser River,Yale First Nation
BC,Fraser River,
BC,Fraser River,
BC,Harrison River,Peters
BC,Harrison River,Sumas First Nation
BC,Harrison River,Union Bar
BC,Harrison River,"Matsqui, Peters, Scowlitz, Sumas First Nation, Union Bar"
BC,Harrison River,"Hul'qumi'num Nation (Fishing), Cowichan Tribes and Cowichan Indian Band (Fishing)"
BC,Harrison River,Nlaka'pamux Nation
BC,Harrison River,Pilalt Nation
BC,Harrison River,Skwah First Nation and Skwah Nation
BC,Harrison River,Stó:lo Nation and 18 Stó:lo Bands
BC,Harrison River,Yale First Nation
BC,Harrison River,
BC,North Thompson River,Aseniwuche Winewak Nation
BC,North Thompson River,Lhoosk'uz Dene Nation
BC,North Thompson River,Lhtako Dene Nation
BC,North Thompson River,Northern Secwepemc
BC,North Thompson River,Nlaka'pamux Nation
BC,North Thompson River,Secwepemc Nation
BC,North Thompson River,Stoney Indian Band
BC,North Thompson River,Ktunaxa Nation and Ktunaxa/Kinbasket Tribal Council Society(Trad.Territory)
BC,North Thompson River,Northern Secwepemc te Qelmucw Nation
BC,Okanagan River,Peters
BC,Okanagan River,"Osoyoos, Upper Nicola, Okanagan Nation"
BC,Okanagan River,Lower Similkameen
BC,Okanagan River,Union Bar
BC,Okanagan River,"Matsqui, Peters, Scowlitz, Sumas First Nation, Union Bar"
BC,Okanagan River,Northern Secwepemc
BC,Okanagan River,Nlaka'pamux Nation
BC,Okanagan River,Secwepemc Nation
BC,Okanagan River,Stó:lo Nation and 18 Stó:lo Bands
BC,Okanagan River,Yale First Nation
BC,South Coast Islands,Squamish Indian People
BC,South Coast Islands,Squamish Indian People
BC,South Coast Islands,"Hul'qumi'num Nation (Fishing), Cowichan Tribes and Cowichan Indian Band (Fishing)"
BC,South Coast Islands,Squamish Nation and Squamish Indian Band
BC,South Coast Islands,Squamish Nation and Squamish Indian Band
BC,South Coast Rivers,New Westminster
BC,South Coast Rivers,Kwikwetlem First Nation
BC,South Coast Rivers,Kwikwetlem First Nation
BC,South Coast Rivers,"Matsqui, Peters, Scowlitz, Sumas First Nation, Union Bar"
BC,South Coast Rivers,"Matsqui, Peters, Scowlitz, Sumas First Nation, Union Bar"
BC,South Coast Rivers,"Matsqui, Peters, Scowlitz, Sumas First Nation, Union Bar"
BC,South Coast Rivers,"Matsqui, Peters, Scowlitz, Sumas First Nation, Union Bar"
BC,South Coast Rivers,"Matsqui, Peters, Scowlitz, Sumas First Nation, Union Bar"
BC,South Coast Rivers,Squamish Indian People
BC,South Coast Rivers,Squamish Indian People
BC,South Coast Rivers,Squamish Indian People
BC,South Coast Rivers,Katzie First Nation
BC,South Coast Rivers,Katzie First Nation
BC,South Coast Rivers,"Hul'qumi'num Nation (Core), Cowichan Tribes and Cowichan Indian Band (Core)"
BC,South Coast Rivers,"Hul'qumi'num Nation (Core), Cowichan Tribes and Cowichan Indian Band (Core)"
BC,South Coast Rivers,"Hul'qumi'num Nation (Core), Cowichan Tribes and Cowichan Indian Band (Core)"
BC,South Coast Rivers,"Hul'qumi'num Nation (Fishing), Cowichan Tribes and Cowichan Indian Band (Fishing)"
BC,South Coast Rivers,"Hul'qumi'num Nation (Fishing), Cowichan Tribes and Cowichan Indian Band (Fishing)"
BC,South Coast Rivers,"Hul'qumi'num Nation (Fishing), Cowichan Tribes and Cowichan Indian Band (Fishing)"
BC,South Coast Rivers,"Hul'qumi'num Nation (Fishing), Cowichan Tribes and Cowichan Indian Band (Fishing)"
BC,South Coast Rivers,"Hul'qumi'num Nation (Fishing), Cowichan Tribes and Cowichan Indian Band (Fishing)"
BC,South Coast Rivers,Musqueam Indian Band
BC,South Coast Rivers,Musqueam Indian Band
BC,South Coast Rivers,Musqueam Indian Band
BC,South Coast Rivers,Musqueam Indian Band
BC,South Coast Rivers,Musqueam Indian Band
BC,South Coast Rivers,Stó:lo Nation and 18 Stó:lo Bands
BC,South Coast Rivers,Stó:lo Nation and 18 Stó:lo Bands
BC,South Coast Rivers,Stó:lo Nation and 18 Stó:lo Bands
BC,South Coast Rivers,Stó:lo Nation and 18 Stó:lo Bands
BC,South Coast Rivers,Stó:lo Nation and 18 Stó:lo Bands
BC,South Coast Rivers,Tsleil-Waututh Nation
BC,South Coast Rivers,Squamish Nation and Squamish Indian Band
BC,South Coast Rivers,
BC,South Coast Rivers,
BC,South Coast Rivers,
BC,South Coast Rivers,
BC,South Thompson River,"Bearspaw, Chiniki, Stoney"
BC,South Thompson River,"Osoyoos, Upper Nicola, Okanagan Nation"
BC,South Thompson River,Lower Similkameen
BC,South Thompson River,Northern Secwepemc
BC,South Thompson River,Nlaka'pamux Nation
BC,South Thompson River,Secwepemc Nation
BC,South Thompson River,Stoney Indian Band
BC,South Thompson River,Ktunaxa Nation and Ktunaxa/Kinbasket Tribal Council Society(Trad.Territory)
BC,Thompson River,Peters
BC,Thompson River,"Osoyoos, Upper Nicola, Okanagan Nation"
BC,Thompson River,Lower Similkameen
BC,Thompson River,"Matsqui, Peters, Scowlitz, Sumas First Nation, Union Bar"
BC,Thompson River,Northern Secwepemc
BC,Thompson River,Moose Deer Point
BC,Thompson River,Nlaka'pamux Nation
BC,Thompson River,Secwepemc Nation
BC,Thompson River,Stó:lo Nation and 18 Stó:lo Bands
BC,Thompson River,Northern Secwepemc te Qelmucw Nation
BC,Van. Isle. (East) Gulf Islands,"Hul'qumi'num Nation (Core), Cowichan Tribes and Cowichan Indian Band (Core)"
BC,Van. Isle. (East) Gulf Islands,"Hul'qumi'num Nation (Core), Cowichan Tribes and Cowichan Indian Band (Core)"
BC,Van. Isle. (East) Gulf Islands,"Hul'qumi'num Nation (Core), Cowichan Tribes and Cowichan Indian Band (Core)"
BC,Van. Isle. (East) Gulf Islands,"Hul'qumi'num Nation (Core), Cowichan Tribes and Cowichan Indian Band (Core)"
BC,Van. Isle. (East) Gulf Islands,"Hul'qumi'num Nation (Core), Cowichan Tribes and Cowichan Indian Band (Core)"
BC,Van. Isle. (East) Gulf Islands,"Hul'qumi'num Nation (Core), Cowichan Tribes and Cowichan Indian Band (Core)"
BC,Van. Isle. (East) Gulf Islands,"Hul'qumi'num Nation (Core), Cowichan Tribes and Cowichan Indian Band (Core)"
BC,Van. Isle. (East) Gulf Islands,"Hul'qumi'num Nation (Core), Cowichan Tribes and Cowichan Indian Band (Core)"
BC,Van. Isle. (East) Gulf Islands,"Hul'qumi'num Nation (Core), Cowichan Tribes and Cowichan Indian Band (Core)"
BC,Van. Isle. (East) Gulf Islands,"Hul'qumi'num Nation (Core), Cowichan Tribes and Cowichan Indian Band (Core)"
BC,Van. Isle. (East) Gulf Islands,"Hul'qumi'num Nation (Core), Cowichan Tribes and Cowichan Indian Band (Core)"
BC,Van. Isle. (East) Gulf Islands,"Hul'qumi'num Nation (Core), Cowichan Tribes and Cowichan Indian Band (Core)"
BC,Van. Isle. (East) Gulf Islands,"Hul'qumi'num Nation (Fishing), Cowichan Tribes and Cowichan Indian Band (Fishing)"
BC,Van. Isle. (East) Gulf Islands,"Hul'qumi'num Nation (Fishing), Cowichan Tribes and Cowichan Indian Band (Fishing)"
BC,Van. Isle. (East) Gulf Islands,"Hul'qumi'num Nation (Fishing), Cowichan Tribes and Cowichan Indian Band (Fishing)"
BC,Van. Isle. (East) Gulf Islands,"Hul'qumi'num Nation (Fishing), Cowichan Tribes and Cowichan Indian Band (Fishing)"
BC,Van. Isle. (East) Gulf Islands,"Hul'qumi'num Nation (Fishing), Cowichan Tribes and Cowichan Indian Band (Fishing)"
BC,Van. Isle. (East) Gulf Islands,"Hul'qumi'num Nation (Fishing), Cowichan Tribes and Cowichan Indian Band (Fishing)"
BC,Van. Isle. (East) Gulf Islands,"Hul'qumi'num Nation (Fishing), Cowichan Tribes and Cowichan Indian Band (Fishing)"
BC,Van. Isle. (East) Gulf Islands,"Hul'qumi'num Nation (Fishing), Cowichan Tribes and Cowichan Indian Band (Fishing)"
BC,Van. Isle. (East) Gulf Islands,"Hul'qumi'num Nation (Fishing), Cowichan Tribes and Cowichan Indian Band (Fishing)"
BC,Van. Isle. (East) Gulf Islands,"Hul'qumi'num Nation (Fishing), Cowichan Tribes and Cowichan Indian Band (Fishing)"
BC,Van. Isle. (East) Gulf Islands,"Hul'qumi'num Nation (Fishing), Cowichan Tribes and Cowichan Indian Band (Fishing)"
BC,Van. Isle. (East) Gulf Islands,"Hul'qumi'num Nation (Fishing), Cowichan Tribes and Cowichan Indian Band (Fishing)"
BC,Van. Isle. (East) Gulf Islands,"Hul'qumi'num Nation (Fishing), Cowichan Tribes and Cowichan Indian Band (Fishing)"
BC,Van. Isle. (East) Gulf Islands,"Hul'qumi'num Nation (Fishing), Cowichan Tribes and Cowichan Indian Band (Fishing)"
BC,Van. Isle. (East) Gulf Islands,
BC,Van. Isle. (East) Gulf Islands,
BC,Van. Isle. (East) Gulf Islands,
BC,Van. Isle. (East) Gulf Islands,
BC,Van. Isle. (East) Gulf Islands,
BC,Van. Isle. (East) Gulf Islands,
BC,Van. Isle. (East) Gulf Islands,
BC,Van. Isle. (East) Gulf Islands,
BC,Van. Isle. (East) Gulf Islands,
BC,Van. Isle. (East) Gulf Islands,
BC,Van. Isle. (East) Gulf Islands,
BC,Van. Isle. (East) Gulf Islands,
BC,Van. Isle. (East) Gulf Islands,
BC,Van. Isle. (East) Gulf Islands,
BC,Van. Isle. (East) Gulf Islands,
BC,Vancouver Island (East) Rivers,"Hul'qumi'num Nation (Core), Cowichan Tribes and Cowichan Indian Band (Core)"
BC,Vancouver Island (East) Rivers,"Hul'qumi'num Nation (Fishing), Cowichan Tribes and Cowichan Indian Band (Fishing)"
BC,Vancouver Island (East) Rivers,
BC,Vancouver Island (East) Rivers,
BC,Vancouver Island (East) Rivers,
BC,Vancouver Island (East) Rivers,
BC,Vancouver Island (East) Rivers,
BC,Vancouver Island (West) Rivers,"Hul'qumi'num Nation (Core), Cowichan Tribes and Cowichan Indian Band (Core)"
BC,Vancouver Island (West) Rivers,"Hul'qumi'num Nation (Fishing), Cowichan Tribes and Cowichan Indian Band (Fishing)"
BC,Vancouver Island (West) Rivers,
BC,Vancouver Island (West) Rivers,
BC,Vancouver Island (West) Rivers,
BC,Vancouver Island (West) Rivers,
BC,Washington (Coast) Rivers,Peters
BC,Washington (Coast) Rivers,"Osoyoos, Upper Nicola, Okanagan Nation"
BC,Washington (Coast) Rivers,Lower Similkameen
BC,Washington (Coast) Rivers,Matsqui
BC,Washington (Coast) Rivers,Union Bar
BC,Washington (Coast) Rivers,"Matsqui, Peters, Scowlitz, Sumas First Nation, Union Bar"
BC,Washington (Coast) Rivers,"Matsqui, Peters, Scowlitz, Sumas First Nation, Union Bar"
BC,Washington (Coast) Rivers,Nlaka'pamux Nation
BC,Washington (Coast) Rivers,Skwah First Nation and Skwah Nation
BC,Washington (Coast) Rivers,Stó:lo Nation and 18 Stó:lo Bands
BC,Washington (Coast) Rivers,Stó:lo Nation and 18 Stó:lo Bands
BC,Washington (Coast) Rivers,
